symbol,signal_date,trade_date,side,strike,entry,exit,exit_reason,gross_points,net_points,net_inr,signal_p_up,confidence,spot_move_pct
BANKNIFTY,2025-06-20,2025-06-23,CE,56100.0,355.0,322.25,close,-32.75,-34.25,-1198.75,0.7032130436576243,0.7032130436576243,56059.35
BANKNIFTY,2025-07-01,2025-07-02,CE,57000.0,1261.05,993.65,close,-267.4,-268.9,-9411.5,0.7043357414168311,0.7043357414168311,56999.2
BANKNIFTY,2025-07-02,2025-07-03,CE,56800.0,1086.9,977.5,close,-109.40000000000009,-110.90000000000009,-3881.500000000003,0.6958559847370342,0.6958559847370342,56791.95
BANKNIFTY,2025-07-04,2025-07-07,CE,56900.0,966.95,911.0,close,-55.950000000000045,-57.450000000000045,-2010.7500000000016,0.7376701712323795,0.7376701712323795,56949.2
BANKNIFTY,2025-07-07,2025-07-08,CE,57300.0,689.85,804.05,close,114.19999999999993,112.69999999999993,3944.4999999999977,0.7157132185776868,0.7157132185776868,57256.3
BANKNIFTY,2025-07-11,2025-07-14,CE,56800.0,677.95,700.45,close,22.5,21.0,735.0,0.6973528778040914,0.6973528778040914,56765.35
BANKNIFTY,2025-07-14,2025-07-15,CE,57000.0,594.45,685.3,close,90.84999999999991,89.34999999999991,3127.249999999997,0.6943667679376876,0.6943667679376876,57006.65
BANKNIFTY,2025-07-17,2025-07-18,CE,56300.0,837.0,621.8,close,-215.20000000000005,-216.70000000000005,-7584.500000000002,0.6980377226706272,0.6980377226706272,56283.0
BANKNIFTY,2025-08-26,2025-08-28,PE,53800.0,31.95,15.975,stop,-15.975,-17.475,-611.625,0.3071050901873759,0.692894909812624,53820.35
BANKNIFTY,2025-08-29,2025-09-01,CE,54000.0,799.95,884.35,close,84.39999999999998,82.89999999999998,2901.499999999999,0.7018540732526092,0.7018540732526092,54002.45
BANKNIFTY,2025-09-05,2025-09-08,CE,54200.0,697.3,732.75,close,35.450000000000045,33.950000000000045,1188.2500000000016,0.6821196373280684,0.6821196373280684,54186.9
BANKNIFTY,2025-10-01,2025-10-03,CE,55600.0,678.0,738.95,close,60.950000000000045,59.450000000000045,2080.750000000002,0.6841013873010389,0.6841013873010389,55589.25
BANKNIFTY,2025-10-07,2025-10-08,CE,56000.0,848.15,664.2,close,-183.94999999999993,-185.44999999999993,-6490.749999999997,0.7045753845334951,0.7045753845334951,56018.25
BANKNIFTY,2025-10-08,2025-10-09,CE,56200.0,558.9,642.25,close,83.35000000000002,81.85000000000002,2864.750000000001,0.7045591699216615,0.7045591699216615,56192.05
BANKNIFTY,2025-10-20,2025-10-21,CE,58000.0,420.05,320.25,close,-99.80000000000001,-101.30000000000001,-3545.5000000000005,0.7015182615169584,0.7015182615169584,58007.2
BANKNIFTY,2025-10-23,2025-10-24,CE,57700.0,531.25,265.625,stop,-265.625,-267.125,-9349.375,0.6864058028611097,0.6864058028611097,57699.6
BANKNIFTY,2025-11-26,2025-11-27,CE,59700.0,860.0,934.95,close,74.95000000000005,73.45000000000005,2570.750000000002,0.7443468060863311,0.7443468060863311,59737.3
BANKNIFTY,2025-11-27,2025-11-28,CE,59800.0,885.25,877.3,close,-7.9500000000000455,-9.450000000000045,-330.7500000000016,0.709159118099031,0.709159118099031,59752.7
BANKNIFTY,2025-11-28,2025-12-01,CE,59700.0,999.0,845.45,close,-153.54999999999995,-155.04999999999995,-5426.749999999998,0.7083141790379066,0.7083141790379066,59681.35
BANKNIFTY,2025-12-31,2026-01-01,CE,59700.0,740.0,741.1,close,1.1000000000000227,-0.39999999999997726,-13.999999999999204,0.6811365936842947,0.6811365936842947,59711.55
BANKNIFTY,2026-01-08,2026-01-09,CE,59300.0,901.75,688.4,close,-213.35000000000002,-214.85000000000002,-7519.750000000001,0.7359535027811847,0.7359535027811847,59251.55
BANKNIFTY,2026-01-09,2026-01-12,CE,59500.0,571.0,657.65,close,86.64999999999998,85.14999999999998,2980.249999999999,0.7084887386056088,0.7084887386056088,59450.5
BANKNIFTY,2026-01-13,2026-01-14,CE,59600.0,573.0,586.3,close,13.299999999999955,11.799999999999955,412.9999999999984,0.6975618670931101,0.6975618670931101,59580.15
BANKNIFTY,2026-01-14,2026-01-16,CE,60100.0,369.85,506.9,close,137.04999999999995,135.54999999999995,4744.249999999998,0.6814647119452434,0.6814647119452434,60095.15
BANKNIFTY,2026-01-20,2026-01-21,CE,58800.0,787.95,393.975,stop,-393.975,-395.475,-13841.625,0.6812154668738766,0.6812154668738766,58800.3
BANKNIFTY,2026-02-11,2026-02-12,CE,60700.0,508.65,489.55,close,-19.099999999999966,-20.599999999999966,-720.9999999999989,0.6965104572378434,0.6965104572378434,60739.75
BANKNIFTY,2026-02-12,2026-02-13,CE,60200.0,706.45,528.8,close,-177.6500000000001,-179.1500000000001,-6270.250000000004,0.69766550173479,0.69766550173479,60186.65
BANKNIFTY,2026-02-24,2026-02-25,CE,61000.0,1106.5,1060.5,close,-46.0,-47.5,-1662.5,0.7290338810483363,0.7290338810483363,61043.35
BANKNIFTY,2026-02-25,2026-02-26,CE,61200.0,961.65,980.45,close,18.800000000000068,17.300000000000068,605.5000000000024,0.7616716748632445,0.7616716748632445,61187.7
BANKNIFTY,2026-02-26,2026-02-27,CE,60500.0,1380.05,1063.9,close,-316.14999999999986,-317.64999999999986,-11117.749999999995,0.7424461450394861,0.7424461450394861,60529.0
BANKNIFTY,2026-02-27,2026-03-02,CE,59800.0,1280.05,1166.8,close,-113.25,-114.75,-4016.25,0.7348797620356166,0.7348797620356166,59839.65
BANKNIFTY,2026-03-11,2026-03-12,CE,55100.0,1260.25,1335.8,close,75.54999999999995,74.04999999999995,2591.749999999998,0.7056158721571751,0.7056158721571751,55100.95
BANKNIFTY,2026-03-13,2026-03-16,CE,54400.0,1068.95,1212.2,close,143.25,141.75,4961.25,0.722157512969559,0.722157512969559,54413.4
BANKNIFTY,2026-03-16,2026-03-17,CE,54900.0,941.0,967.45,close,26.450000000000045,24.950000000000045,873.2500000000016,0.7680732893264094,0.7680732893264094,54876.0
BANKNIFTY,2026-03-17,2026-03-18,CE,55300.0,772.85,856.5,close,83.64999999999998,82.14999999999998,2875.249999999999,0.7829496010600728,0.7829496010600728,55326.05
BANKNIFTY,2026-03-18,2026-03-19,CE,53500.0,1275.0,1028.6,close,-246.4000000000001,-247.9000000000001,-8676.500000000004,0.7119472982326176,0.7119472982326176,53451.0
BANKNIFTY,2026-03-19,2026-03-20,CE,53400.0,1177.25,1050.6,close,-126.65000000000009,-128.1500000000001,-4485.250000000004,0.690819066715233,0.690819066715233,53427.05
BANKNIFTY,2026-03-23,2026-03-24,CE,52600.0,719.0,896.2,close,177.20000000000005,175.70000000000005,6149.500000000002,0.7247252736800396,0.7247252736800396,52605.65
BANKNIFTY,2026-03-24,2026-03-25,CE,53700.0,479.85,723.55,close,243.69999999999993,242.19999999999993,8476.999999999998,0.7689671750947357,0.7689671750947357,53708.1
BANKNIFTY,2026-03-27,2026-03-30,CE,50300.0,883.6,441.8,stop,-441.8,-443.3,-15515.5,0.7653289066099974,0.7653289066099974,50275.35
BANKNIFTY,2026-03-30,2026-04-01,CE,51400.0,1777.65,1840.05,close,62.399999999999864,60.899999999999864,2131.4999999999955,0.7425802533466604,0.7425802533466604,51448.65
BANKNIFTY,2026-04-01,2026-04-02,CE,51500.0,1300.0,1819.2,close,519.2,517.7,18119.5,0.7261979905289919,0.7261979905289919,51548.75
BANKNIFTY,2026-04-02,2026-04-06,CE,52600.0,1242.55,1718.3,close,475.75,474.25,16598.75,0.7043136942084469,0.7043136942084469,52609.1
BANKNIFTY,2026-04-07,2026-04-08,CE,55700.0,810.0,1190.65,close,380.6500000000001,379.1500000000001,13270.250000000004,0.7102688859384043,0.7102688859384043,55703.9
BANKNIFTY,2026-04-15,2026-04-16,CE,56100.0,1228.6,911.45,close,-317.14999999999986,-318.64999999999986,-11152.749999999995,0.7501665911965386,0.7501665911965386,56086.4
BANKNIFTY,2026-04-16,2026-04-17,CE,56600.0,670.0,829.6,close,159.60000000000002,158.10000000000002,5533.500000000001,0.718028589869377,0.718028589869377,56565.7
BANKNIFTY,2026-04-29,2026-04-30,CE,54900.0,1250.0,1337.4,close,87.40000000000009,85.90000000000009,3006.500000000003,0.7213310949221227,0.7213310949221227,54863.35
BANKNIFTY,2026-05-04,2026-05-05,CE,54500.0,1362.7,1218.3,close,-144.4000000000001,-145.9000000000001,-5106.500000000004,0.7377199665077385,0.7377199665077385,54547.05
BANKNIFTY,2026-05-06,2026-05-07,CE,56000.0,1228.4,1083.8,close,-144.60000000000014,-146.10000000000014,-5113.500000000005,0.687093664781588,0.687093664781588,56047.4
BANKNIFTY,2026-05-13,2026-05-14,CE,54100.0,800.0,892.85,close,92.85000000000002,91.35000000000002,3197.250000000001,0.6901194213881798,0.6901194213881798,54128.95
BANKNIFTY,2026-05-15,2026-05-18,CE,53500.0,723.0,881.9,close,158.89999999999998,157.39999999999998,5508.999999999999,0.730632560542327,0.730632560542327,53537.0
BANKNIFTY,2026-05-19,2026-05-20,CE,53600.0,480.0,645.9,close,165.89999999999998,164.39999999999998,5753.999999999999,0.7420644677255647,0.7420644677255647,53562.2
BANKNIFTY,2026-05-21,2026-05-22,CE,54100.0,248.8,443.8,close,195.0,193.5,6772.5,0.6989034313416622,0.6989034313416622,54055.35
BANKNIFTY,2026-05-29,2026-06-01,CE,53600.0,1743.75,1339.1,close,-404.6500000000001,-406.1500000000001,-14215.250000000004,0.7195088629443174,0.7195088629443174,53643.1
BANKNIFTY,2026-06-01,2026-06-02,CE,53700.0,1184.45,1322.75,close,138.29999999999995,136.79999999999995,4787.999999999998,0.6857569494342244,0.6857569494342244,53714.65
BANKNIFTY,2026-06-09,2026-06-10,CE,55100.0,1100.0,993.6,close,-106.39999999999998,-107.89999999999998,-3776.499999999999,0.7209165448421826,0.7209165448421826,55100.3
BANKNIFTY,2026-06-12,2026-06-15,CE,57200.0,1088.7,792.95,close,-295.75,-297.25,-10403.75,0.7103519683494354,0.7103519683494354,57198.8
BANKNIFTY,2026-06-22,2026-06-23,CE,57200.0,931.95,465.975,stop,-465.975,-467.475,-16361.625,0.6955454241346696,0.6955454241346696,57183.75
BANKNIFTY,2026-06-23,2026-06-24,CE,58200.0,98.0,245.0,target,147.0,145.5,5092.5,0.7290880810045142,0.7290880810045142,58150.35
BANKNIFTY,2026-06-24,2026-06-25,CE,58200.0,461.0,313.65,close,-147.35000000000002,-148.85000000000002,-5209.750000000001,0.7760398931264144,0.7760398931264144,58177.05
BANKNIFTY,2026-06-25,2026-06-29,CE,57700.0,556.7,278.35,stop,-278.35,-279.85,-9794.75,0.7815937972372649,0.7815937972372649,57727.35
BANKNIFTY,2026-06-30,2026-07-01,CE,58000.0,949.95,1092.25,close,142.29999999999995,140.79999999999995,4927.999999999998,0.6852745263696899,0.6852745263696899,58033.05
BANKNIFTY,2026-07-01,2026-07-02,CE,58000.0,1175.0,1072.2,close,-102.79999999999995,-104.29999999999995,-3650.499999999998,0.7031202005683104,0.7031202005683104,58031.65
BANKNIFTY,2026-07-02,2026-07-03,CE,57900.0,1200.0,1022.35,close,-177.64999999999998,-179.14999999999998,-6270.249999999999,0.7121892121224782,0.7121892121224782,57938.5
BANKNIFTY,2026-07-07,2026-07-08,CE,56700.0,1694.15,1032.35,close,-661.8000000000002,-663.3000000000002,-23215.500000000007,0.6933759393640782,0.6933759393640782,56742.6
BANKNIFTY,2026-07-08,2026-07-09,CE,57300.0,703.75,895.85,close,192.10000000000002,190.60000000000002,6671.000000000001,0.6857372464718257,0.6857372464718257,57252.45
BANKNIFTY,2026-07-09,2026-07-10,CE,58000.0,601.15,809.25,close,208.10000000000002,206.60000000000002,7231.000000000001,0.737726293060895,0.737726293060895,58045.9
NIFTY,2025-06-05,2025-06-06,CE,25000.0,103.0,182.4,close,79.4,77.9,5842.5,0.6947406030844162,0.6947406030844162,25003.05
NIFTY,2025-06-10,2025-06-11,CE,25150.0,63.8,65.8,close,2.0,0.5,37.5,0.7149145637573114,0.7149145637573114,25141.4
NIFTY,2025-06-16,2025-06-17,CE,24850.0,170.0,99.35,close,-70.65,-72.15,-5411.25,0.735007172060285,0.735007172060285,24853.4
NIFTY,2025-06-20,2025-06-23,CE,24950.0,180.0,163.55,close,-16.44999999999999,-17.94999999999999,-1346.249999999999,0.6815284034741845,0.6815284034741845,24971.9
NIFTY,2025-06-25,2025-06-26,CE,25550.0,5.0,2.5,stop,-2.5,-4.0,-300.0,0.7180596629288996,0.7180596629288996,25549.0
NIFTY,2025-06-27,2025-06-30,CE,25500.0,240.0,140.2,close,-99.80000000000001,-101.30000000000001,-7597.500000000001,0.7559210922415162,0.7559210922415162,25517.05
NIFTY,2025-07-01,2025-07-02,CE,25450.0,170.3,85.15,stop,-85.15,-86.65,-6498.75,0.7000426884143315,0.7000426884143315,25453.4
NIFTY,2025-07-11,2025-07-14,CE,25100.0,175.0,87.5,stop,-87.5,-89.0,-6675.0,0.7455908244682359,0.7455908244682359,25082.3
NIFTY,2025-07-18,2025-07-21,CE,25100.0,90.35,45.175,stop,-45.175,-46.675,-3500.625,0.738321424068165,0.738321424068165,25090.7
NIFTY,2025-07-25,2025-07-28,CE,24700.0,186.05,112.85,close,-73.20000000000002,-74.70000000000002,-5602.500000000001,0.7569758207911615,0.7569758207911615,24680.9
NIFTY,2025-08-13,2025-08-14,CE,24650.0,54.0,27.0,stop,-27.0,-28.5,-2137.5,0.686254969430469,0.686254969430469,24631.3
NIFTY,2025-08-20,2025-08-21,CE,25100.0,48.95,24.475,stop,-24.475,-25.975,-1948.125,0.7578867791985736,0.7578867791985736,25083.75
NIFTY,2025-08-25,2025-08-26,CE,24700.0,250.0,125.0,stop,-125.0,-126.5,-9487.5,0.7094419995209954,0.7094419995209954,24712.05
NIFTY,2025-09-01,2025-09-02,CE,24600.0,73.85,36.925,stop,-36.925,-38.425,-2881.875,0.7360050671210032,0.7360050671210032,24579.6
NIFTY,2025-09-03,2025-09-04,CE,24750.0,280.0,140.0,stop,-140.0,-141.5,-10612.5,0.7210510944550464,0.7210510944550464,24734.3
NIFTY,2025-09-05,2025-09-08,CE,24750.0,100.0,89.1,close,-10.900000000000006,-12.400000000000006,-930.0000000000005,0.7097996305578642,0.7097996305578642,24773.15
NIFTY,2025-09-10,2025-09-11,CE,25000.0,125.0,119.55,close,-5.450000000000003,-6.950000000000003,-521.2500000000002,0.6834314847414845,0.6834314847414845,25005.5
NIFTY,2025-09-11,2025-09-12,CE,25100.0,88.0,91.85,close,3.8499999999999943,2.3499999999999943,176.24999999999957,0.7325695717650124,0.7325695717650124,25114.0
NIFTY,2025-09-12,2025-09-15,CE,25050.0,128.3,78.95,close,-49.35000000000001,-50.85000000000001,-3813.7500000000005,0.7835049331502034,0.7835049331502034,25069.2
NIFTY,2025-09-17,2025-09-18,CE,25400.0,120.0,119.75,close,-0.25,-1.75,-131.25,0.7129970777779284,0.7129970777779284,25423.6
NIFTY,2025-09-18,2025-09-19,CE,25350.0,144.05,72.025,stop,-72.025,-73.525,-5514.375,0.7154240659701514,0.7154240659701514,25327.05
NIFTY,2025-10-03,2025-10-06,CE,25100.0,10.9,27.25,target,16.35,14.850000000000001,1113.75,0.6942399903204505,0.6942399903204505,25077.65
NIFTY,2025-10-09,2025-10-10,CE,25300.0,46.5,116.25,target,69.75,68.25,5118.75,0.7334418626630961,0.7334418626630961,25285.35
NIFTY,2025-10-10,2025-10-13,CE,25250.0,84.05,42.025,stop,-42.025,-43.525,-3264.375,0.7704510073446619,0.7704510073446619,25227.35
NIFTY,2025-10-15,2025-10-16,CE,25600.0,28.35,70.875,target,42.525,41.025,3076.875,0.735021120863657,0.735021120863657,25585.3
NIFTY,2025-10-16,2025-10-17,CE,25700.0,44.05,110.125,target,66.075,64.575,4843.125,0.729898752437339,0.729898752437339,25709.85
NIFTY,2025-10-17,2025-10-20,CE,25850.0,48.8,24.4,stop,-24.4,-25.9,-1942.5,0.7119744398435514,0.7119744398435514,25843.15
NIFTY,2025-10-21,2025-10-23,CE,25900.0,185.5,158.15,close,-27.349999999999994,-28.849999999999994,-2163.7499999999995,0.6899293756694416,0.6899293756694416,25891.4
NIFTY,2025-10-24,2025-10-27,CE,25950.0,58.0,145.0,target,87.0,85.5,6412.5,0.6865059848315704,0.6865059848315704,25966.05
NIFTY,2025-10-29,2025-10-30,CE,25900.0,264.1,132.05,stop,-132.05,-133.55,-10016.25,0.7008904191487436,0.7008904191487436,25877.85
NIFTY,2025-11-07,2025-11-10,CE,25550.0,75.75,101.05,close,25.299999999999997,23.799999999999997,1784.9999999999998,0.68621144672379,0.68621144672379,25574.35
NIFTY,2025-11-10,2025-11-11,CE,25700.0,24.65,12.325,stop,-12.325,-13.825,-1036.875,0.6965855230848549,0.6965855230848549,25694.95
NIFTY,2025-11-12,2025-11-13,CE,25900.0,153.0,139.55,close,-13.449999999999989,-14.949999999999989,-1121.249999999999,0.6941652505099493,0.6941652505099493,25879.15
NIFTY,2025-11-19,2025-11-20,CE,26200.0,85.0,132.8,close,47.80000000000001,46.30000000000001,3472.500000000001,0.7159609996161298,0.7159609996161298,26192.15
NIFTY,2025-11-20,2025-11-21,CE,26050.0,193.05,122.75,close,-70.30000000000001,-71.80000000000001,-5385.000000000001,0.7803072921748906,0.7803072921748906,26068.15
NIFTY,2025-11-26,2025-11-27,CE,26200.0,170.0,129.85,close,-40.150000000000006,-41.650000000000006,-3123.7500000000005,0.7584488146773698,0.7584488146773698,26215.55
NIFTY,2025-11-28,2025-12-01,CE,26200.0,145.5,72.75,stop,-72.75,-74.25,-5568.75,0.7110121930768158,0.7110121930768158,26175.75
NIFTY,2025-12-08,2025-12-09,PE,25850.0,36.0,18.0,stop,-18.0,-19.5,-1462.5,0.30169486342066854,0.6983051365793315,25839.65
NIFTY,2025-12-24,2025-12-26,CE,26050.0,165.4,82.7,stop,-82.7,-84.2,-6315.0,0.6916763345405824,0.6916763345405824,26042.3
NIFTY,2025-12-31,2026-01-01,CE,26150.0,134.95,89.95,close,-44.999999999999986,-46.499999999999986,-3487.499999999999,0.7379955839130774,0.7379955839130774,26146.55
NIFTY,2026-01-01,2026-01-02,CE,26350.0,18.5,46.25,target,27.75,26.25,1968.75,0.6935473011203832,0.6935473011203832,26328.55
NIFTY,2026-01-02,2026-01-05,CE,26250.0,136.6,68.3,stop,-68.3,-69.8,-5235.0,0.7286327767295292,0.7286327767295292,26250.3
NIFTY,2026-01-21,2026-01-22,CE,25300.0,142.5,145.75,close,3.25,1.75,131.25,0.7197876652904371,0.7197876652904371,25289.9
NIFTY,2026-01-22,2026-01-23,CE,25050.0,336.0,168.0,stop,-168.0,-169.5,-12712.5,0.6825483977779956,0.6825483977779956,25048.65
NIFTY,2026-02-11,2026-02-12,CE,25800.0,199.0,128.25,close,-70.75,-72.25,-5418.75,0.7204488682311384,0.7204488682311384,25807.2
NIFTY,2026-02-12,2026-02-13,CE,25450.0,250.0,125.0,stop,-125.0,-126.5,-9487.5,0.7139282507336033,0.7139282507336033,25471.1
NIFTY,2026-02-18,2026-02-19,CE,25450.0,424.75,212.375,stop,-212.375,-213.875,-16040.625,0.7222986878688947,0.7222986878688947,25454.35
NIFTY,2026-03-04,2026-03-05,CE,24750.0,220.0,219.3,close,-0.6999999999999886,-2.1999999999999886,-164.99999999999915,0.711943027112618,0.711943027112618,24765.9
NIFTY,2026-03-13,2026-03-16,CE,23400.0,140.0,70.0,stop,-70.0,-71.5,-5362.5,0.7449514890484624,0.7449514890484624,23408.8
NIFTY,2026-03-16,2026-03-17,CE,23600.0,45.95,22.975,stop,-22.975,-24.475,-1835.625,0.7109787651334221,0.7109787651334221,23581.15
NIFTY,2026-03-17,2026-03-18,CE,23800.0,152.0,198.8,close,46.80000000000001,45.30000000000001,3397.500000000001,0.6975950026224343,0.6975950026224343,23777.8
NIFTY,2026-03-19,2026-03-20,CE,23100.0,255.0,250.75,close,-4.25,-5.75,-431.25,0.7107035194086115,0.7107035194086115,23114.5
NIFTY,2026-03-20,2026-03-23,CE,22500.0,400.05,200.025,stop,-200.025,-201.525,-15114.375,0.7046560936145593,0.7046560936145593,22512.65
NIFTY,2026-03-23,2026-03-24,CE,22900.0,95.0,47.5,stop,-47.5,-49.0,-3675.0,0.7355010438984353,0.7355010438984353,22912.4
NIFTY,2026-03-24,2026-03-25,CE,23300.0,192.55,277.45,close,84.89999999999998,83.39999999999998,6254.999999999998,0.7055918338301456,0.7055918338301456,23306.45
NIFTY,2026-03-27,2026-03-30,CE,22350.0,286.35,143.175,stop,-143.175,-144.675,-10850.625,0.7033630084433641,0.7033630084433641,22331.4
NIFTY,2026-03-30,2026-04-01,CE,22700.0,329.95,318.35,close,-11.599999999999966,-13.099999999999966,-982.4999999999975,0.7246773798548539,0.7246773798548539,22679.4
NIFTY,2026-04-01,2026-04-02,CE,22700.0,205.5,102.75,stop,-102.75,-104.25,-7818.75,0.7406817350491741,0.7406817350491741,22713.1
NIFTY,2026-04-06,2026-04-07,CE,23100.0,26.1,13.05,stop,-13.05,-14.55,-1091.25,0.6904738596648585,0.6904738596648585,23123.65
NIFTY,2026-06-02,2026-06-03,CE,23400.0,237.0,118.5,stop,-118.5,-120.0,-9000.0,0.7382271529320532,0.7382271529320532,23405.6
NIFTY,2026-06-05,2026-06-08,CE,23100.0,196.85,113.05,close,-83.8,-85.3,-6397.5,0.7360431314497894,0.7360431314497894,23123.0
NIFTY,2026-06-12,2026-06-15,CE,23850.0,152.35,97.3,close,-55.05,-56.55,-4241.25,0.7541865272758819,0.7541865272758819,23853.9
NIFTY,2026-06-17,2026-06-18,CE,24150.0,114.0,123.3,close,9.299999999999997,7.799999999999997,584.9999999999998,0.6809444718180026,0.6809444718180026,24168.0
NIFTY,2026-06-18,2026-06-19,CE,24000.0,120.0,118.0,close,-2.0,-3.5,-262.5,0.739580781318244,0.739580781318244,24013.1
NIFTY,2026-06-24,2026-06-25,CE,24050.0,171.05,128.25,close,-42.80000000000001,-44.30000000000001,-3322.500000000001,0.7554771581820477,0.7554771581820477,24056.0
NIFTY,2026-06-25,2026-06-29,CE,23950.0,189.0,94.5,stop,-94.5,-96.0,-7200.0,0.7201647379989601,0.7201647379989601,23946.25
NIFTY,2026-06-29,2026-06-30,CE,23850.0,152.0,76.0,stop,-76.0,-77.5,-5812.5,0.6901748459111375,0.6901748459111375,23865.75
NIFTY,2026-06-30,2026-07-01,CE,24000.0,140.0,162.65,close,22.650000000000006,21.150000000000006,1586.2500000000005,0.7464189582114765,0.7464189582114765,24005.85
NIFTY,2026-07-01,2026-07-02,CE,24200.0,90.0,108.15,close,18.150000000000006,16.650000000000006,1248.7500000000005,0.7924797406979236,0.7924797406979236,24175.7
NIFTY,2026-07-02,2026-07-03,CE,24250.0,145.1,108.8,close,-36.3,-37.8,-2835.0,0.7792079635740843,0.7792079635740843,24270.85
NIFTY,2026-07-03,2026-07-06,CE,24450.0,26.5,66.25,target,39.75,38.25,2868.75,0.7843440747781946,0.7843440747781946,24430.35
NIFTY,2026-07-06,2026-07-07,CE,24400.0,77.0,38.5,stop,-38.5,-40.0,-3000.0,0.7468291611582349,0.7468291611582349,24398.7
NIFTY,2026-07-09,2026-07-10,CE,24200.0,88.0,101.15,close,13.150000000000006,11.650000000000006,873.7500000000005,0.7014746114406011,0.7014746114406011,24206.9
